{
  "timestamp": 1668810209.418099,
  "range": 60,
  "previous_discharging_time": 47.057180881500244
}