{
  "timestamp": 1668787364.6684935,
  "range": 70,
  "previous_discharging_time": 55.43393158912659
}