{
  "timestamp": 1668300374.2108035,
  "range": 60.0,
  "range_remain": 59.0,
  "time_used": 374.2108035,
  "previous_discharging_time": 25800.5
}