{
  "timestamp": 1668811444.4039912,
  "range": 65,
  "previous_discharging_time": 44.05811548233032
}