{
  "timestamp": 1668806820.8207397,
  "range": 60,
  "previous_discharging_time": 42.08235454559326
}