{
  "timestamp": 1668872894.9838655,
  "range": 65,
  "previous_discharging_time": 43.057461738586426
}