{
  "timestamp": 1668804417.7440035,
  "range": 60,
  "previous_discharging_time": 43.08139228820801
}