{
  "timestamp": 1668785151.6315482,
  "range": 65,
  "previous_discharging_time": 43.04269528388977
}