{
  "timestamp": 1668807362.4063663,
  "range": 60,
  "previous_discharging_time": 42.08235454559326
}